﻿<?xml version="1.0" encoding="utf-8"?>
<Rule Name="Lib" PageTemplate="tool" DisplayName="Librarian" SwitchPrefix="-" Order="40" xmlns="http://schemas.microsoft.com/build/2009/properties" xmlns:x="http://schemas.microsoft.com/winfx/2006/xaml" xmlns:sys="clr-namespace:System;assembly=mscorlib">
  <Rule.Categories>
    <Category Name="General" DisplayName="General" />
  </Rule.Categories>

  <StringProperty Subtype="file" Name="OutputFile" DisplayName="Output File" Category="General" Switch="rcs" SwitchPrefix="" />

  <Rule.DataSource>
    <DataSource Persistence="ProjectFile" ItemType="Lib" Label="" HasConfigurationCondition="true" />
  </Rule.DataSource>
  
  <BoolProperty Name="EchoCommandLines" DisplayName="Echo Command Lines" Category="General" />  
</Rule>
